x__0,x__1,x__2,x__3,x__4,x__5,x__6,x__7,x__8,x__9,y__0,y__1,y__2,y__3,y__4,y__5,y__6,y__7,y__8,y__9
0.04560930208539393,0.20344697486239927,0.709123984205446,0.14284849627100393,0.8600109875105951,0.26671226260336733,0.011472960500748308,0.43997054330904173,0.1672104054587421,0.016226131011587097,0.0,0.0,0.0,0.0,1.0,0.0,0.0,0.0,0.0,0.0
0.27813667386355834,0.45979992473023357,0.19285636878249712,0.8528244429906146,0.30002455193093036,0.7008269160039364,0.3509502235742331,0.10094211595822156,0.43458724193158105,0.6856550495783891,0.0,0.0,0.0,1.0,0.0,0.0,0.0,0.0,0.0,0.0
0.48700804482709137,0.6421958261391797,0.12173880439760654,0.13990110801878353,0.1301332897100964,0.49166847140006,0.8609822704622245,0.38315482800871437,0.8202806632946681,0.11120307867998969,0.0,0.0,0.0,0.0,0.0,0.0,1.0,0.0,0.0,0.0
0.2253871228333516,0.6732858989355599,0.785590069932909,0.793650531197551,0.14566803661800132,0.5414979580853482,0.23749337067619203,0.7493618283112125,0.5800976453507244,0.6885242190704849,0.0,0.0,0.0,1.0,0.0,0.0,0.0,0.0,0.0,0.0
0.7837376458144856,0.9860359539824124,0.46624211657744563,0.994789173348928,0.2897705978290378,0.8814705700873252,0.10563344655601192,0.7163472571753333,0.8967613596633169,0.5550703987568195,0.0,0.0,0.0,1.0,0.0,0.0,0.0,0.0,0.0,0.0
0.3610663269919401,0.8256329295556797,0.8143412639002516,0.7145400458176119,0.3450452532797509,0.5152307970985156,0.0019320409027601126,0.5289931014465276,0.30776291124558264,0.6753774886552658,0.0,1.0,0.0,0.0,0.0,0.0,0.0,0.0,0.0,0.0
0.01964412600588028,0.44791957974135377,0.11778070263277263,0.34556383565243276,0.978777773780051,0.7592486833162064,0.6449030701988681,0.363278778459709,0.09889839771218234,0.030991647558839763,0.0,0.0,0.0,0.0,1.0,0.0,0.0,0.0,0.0,0.0
0.5457877582852109,0.984666516473319,0.7356024863493776,0.21197268723923524,0.9718099272172258,0.22530657721450764,0.04638537168140999,0.5089201398466281,0.44873466243144344,0.06862446499325392,0.0,1.0,0.0,0.0,0.0,0.0,0.0,0.0,0.0,0.0
0.9198629159532808,0.291550462921334,0.39254344976243183,0.03970582801852374,0.013575552368260135,0.948641239481525,0.9652434088326232,0.6227684825617382,0.04958487491591723,0.14361747198321884,0.0,0.0,0.0,0.0,0.0,0.0,1.0,0.0,0.0,0.0
0.1371469828999734,0.011311374012273001,0.7966026046223665,0.45448634167604973,0.02963887464246262,0.2655482159824325,0.45961519757368907,0.518603776359552,0.5187062711359054,0.13374883636102952,0.0,0.0,1.0,0.0,0.0,0.0,0.0,0.0,0.0,0.0
0.7997273804354993,0.09790449917708899,0.44218478390906635,0.7291421266560294,0.10681973205712214,0.020989677560024678,0.988459726437621,0.6929284415069897,0.19188607130061797,0.6601006590297704,0.0,0.0,0.0,0.0,0.0,0.0,1.0,0.0,0.0,0.0
0.10148042744776675,0.8265180326706605,0.03926915675190601,0.11021478947349217,0.22233985355805086,0.6260762028425085,0.8696718270637287,0.2433757164509922,0.7744922055249331,0.41239461366594377,0.0,0.0,0.0,0.0,0.0,0.0,1.0,0.0,0.0,0.0
0.45821322471002335,0.6767145605894804,0.23930028629758748,0.7083088661552592,0.3442768038113623,0.15812151415577136,0.6415403183057607,0.5126520545620054,0.04032851042107832,0.9447606633854594,0.0,0.0,0.0,0.0,0.0,0.0,0.0,0.0,0.0,1.0
0.7682144383337516,0.4467636790627819,0.7940626567070503,0.7657290749603061,0.032089300237294394,0.059280240805465345,0.4902617345131739,0.4229359158412549,0.6765279252034997,0.16201869993279994,0.0,0.0,1.0,0.0,0.0,0.0,0.0,0.0,0.0,0.0
0.13894337697455694,0.37951835100052733,0.9875263328228819,0.01923842677011811,0.9538445856789007,0.5932855716720428,0.35467575846729127,0.09713878604246018,0.4405317168588473,0.4343573682967059,0.0,0.0,1.0,0.0,0.0,0.0,0.0,0.0,0.0,0.0
0.05512501692901495,0.4015423368288136,0.9248251975106013,0.9554689197464995,0.704105337626332,0.3893318067152114,0.8638334436340364,0.04088412625175364,0.7171239360471783,0.7054028247455268,0.0,0.0,0.0,1.0,0.0,0.0,0.0,0.0,0.0,0.0
0.1478769918225642,0.3659903207564169,0.4152964639596536,0.7924129778773544,0.5913554017887985,0.2402399834711323,0.818956154949347,0.4862604471754307,0.7814698258940335,0.3572710914192252,0.0,0.0,0.0,0.0,0.0,0.0,1.0,0.0,0.0,0.0
0.3384008587880498,0.3344036059321027,0.1629996448611707,0.7666358380249497,0.6561352802071562,0.3928923171608375,0.603280772010727,0.6878546371034739,0.961075831699323,0.135334507356193,0.0,0.0,0.0,0.0,0.0,0.0,0.0,0.0,1.0,0.0
0.09619514658360506,0.8854518851427745,0.9434854136651187,0.7238604744962794,0.5387589883314188,0.9579589886830618,0.8853724054157126,0.09282036397134052,0.6933266605042222,0.8067187962677371,0.0,0.0,0.0,0.0,0.0,1.0,0.0,0.0,0.0,0.0
0.2750188078120398,0.8098562951777283,0.9114399516595678,0.4961769974043919,0.4199984163025846,0.5837584016655579,0.8079089076448015,0.6497741209273058,0.9887875684503837,0.4895113467854829,0.0,0.0,0.0,0.0,0.0,0.0,0.0,0.0,1.0,0.0
0.32386618884943474,0.1477884677495609,0.7172684953238295,0.5543706254535136,0.6054452185949761,0.9948141913425365,0.8575471024101254,0.7525110791018768,0.624093782384852,0.2680884831184869,0.0,0.0,0.0,0.0,0.0,1.0,0.0,0.0,0.0,0.0
0.5090460494249803,0.3233566503784877,0.47814352710653985,0.9877486350471602,0.5649540600055695,0.8075468862831523,0.6046997805774861,0.436824101920961,0.8743344557536548,0.6439443122213545,0.0,0.0,0.0,1.0,0.0,0.0,0.0,0.0,0.0,0.0
0.3528397471362871,0.42831167629887346,0.6706201546722589,0.8836217514363981,0.06973855728717515,0.08240028413688305,0.6391377565918062,0.2857633243527683,0.15248463406584611,0.8892543556981974,0.0,0.0,0.0,0.0,0.0,0.0,0.0,0.0,0.0,1.0
0.6006800362034934,0.16598789219539378,0.9271868758226137,0.43896703998602327,0.023762682828638915,0.03203058613740939,0.16174176965664155,0.8745096252026381,0.657355771178703,0.7565003277722989,0.0,0.0,1.0,0.0,0.0,0.0,0.0,0.0,0.0,0.0
0.6612773885077537,0.732513242454179,0.3263423676852625,0.40505112056319814,0.44524563123115946,0.725841433557707,0.3632001828955236,0.7471690831296959,0.22325845919941634,0.45896957063383037,0.0,0.0,0.0,0.0,0.0,0.0,0.0,1.0,0.0,0.0
0.5401373765220012,0.0890149929894356,0.09214803449337727,0.6374457244935642,0.16841971264726086,0.45720518527192333,0.9045512331952298,0.6224240416046704,0.6556103140292813,0.6087627063106705,0.0,0.0,0.0,0.0,0.0,0.0,1.0,0.0,0.0,0.0
0.2611075172440881,0.1728387540367633,0.26059430276377193,0.17176161510264687,0.1932564712972632,0.5114996446275705,0.5603354015305867,0.7342969086906315,0.5483176096160083,0.11687890303978243,0.0,0.0,0.0,0.0,0.0,0.0,0.0,1.0,0.0,0.0
0.39768144083326096,0.36417558282001306,0.14721010705864224,0.9632912153182223,0.20959382460226772,0.7195963958621006,0.18281110525510802,0.4845544167788103,0.21426956092919036,0.9224445630013149,0.0,0.0,0.0,1.0,0.0,0.0,0.0,0.0,0.0,0.0
0.6994195220363741,0.8280608818853404,0.9962660742431421,0.3048881152524042,0.43477589605219646,0.535881475936311,0.7126817677275927,0.8656079923941097,0.5320423224427652,0.40227521319419546,0.0,0.0,1.0,0.0,0.0,0.0,0.0,0.0,0.0,0.0
0.8661367513867522,0.21572514028454248,0.5177250220778716,0.14226322777951417,0.6012188255228593,0.4284971737489439,0.025602448650528187,0.7729251229928636,0.9515295817423328,0.4720884279201758,0.0,0.0,0.0,0.0,0.0,0.0,0.0,0.0,1.0,0.0
0.030385589056359574,0.9500296248375423,0.33340451024827256,0.6370702801940525,0.04105111539774664,0.5974360706157746,0.8030286624617046,0.2906744869479272,0.3787216680934127,0.957590679272355,0.0,0.0,0.0,0.0,0.0,0.0,0.0,0.0,0.0,1.0
0.08051081884330957,0.5009512471517706,0.01924584239112459,0.38151821446025824,0.8022600721586847,0.0936585234809838,0.5922526573925123,0.6036927137396856,0.8267409466391042,0.8001147509719115,0.0,0.0,0.0,0.0,0.0,0.0,0.0,0.0,1.0,0.0
0.7229899069841222,0.6779349353092181,0.9051788195899378,0.7271752793830524,0.2580243554292133,0.02973958034985602,0.678303284060658,0.5029851402822054,0.9384232032380737,0.14447077178436962,0.0,0.0,0.0,0.0,0.0,0.0,0.0,0.0,1.0,0.0
0.30400274254608295,0.6756261130327482,0.38273240185963,0.3859782780037967,0.4511225067710971,0.35576262098923395,0.8626099097808414,0.9675220426884225,0.28494355072024735,0.28113581034212554,0.0,0.0,0.0,0.0,0.0,0.0,0.0,1.0,0.0,0.0
0.053309521685408034,0.4610893421092279,0.9980984809940925,0.40750763871643547,0.19143701266802293,0.15449527265785246,0.34706984401350083,0.8463041258174274,0.7011224018403022,0.8234332785937688,0.0,0.0,1.0,0.0,0.0,0.0,0.0,0.0,0.0,0.0
0.8675195227780192,0.2798885349180389,0.703614596909693,0.9404816284386255,0.8249975861378009,0.7804292272128944,0.20229207585012976,0.3048141996247903,0.5097085614854386,0.1564288221251774,0.0,0.0,0.0,1.0,0.0,0.0,0.0,0.0,0.0,0.0
0.6994470392910229,0.8197392277683041,0.4660558676695463,0.02854726930940721,0.5103189959463474,0.8793953871856284,0.09803329322161758,0.6848261203779084,0.3924838390345653,0.10949795500552917,0.0,0.0,0.0,0.0,0.0,1.0,0.0,0.0,0.0,0.0
0.9069282743826845,0.4568357996507063,0.8578520691872921,0.07779646967786102,0.19357803204117863,0.34324707026359214,0.6998102543277753,0.031084530606237837,0.7122489779739191,0.10055119173148475,1.0,0.0,0.0,0.0,0.0,0.0,0.0,0.0,0.0,0.0
0.040733911980002646,0.06545452241237737,0.5383884037803556,0.8611353422331085,0.9987432753820769,0.13166704474740576,0.38495577283858384,0.5795777269256138,0.666129137790509,0.46520252198464007,0.0,0.0,0.0,0.0,1.0,0.0,0.0,0.0,0.0,0.0
0.20367826125675237,0.11781265829350696,0.18421953723095963,0.9336394390489144,0.8007196737559658,0.8433112630249519,0.07379317893059056,0.39811419101143286,0.6726065829314626,0.8430998386567106,0.0,0.0,0.0,1.0,0.0,0.0,0.0,0.0,0.0,0.0
0.43883110457401087,0.6082895570998402,0.5989916276520793,0.7049293123818232,0.9906272312286214,0.6787378628651669,0.8744724330389625,0.4781180299610175,0.6448448535634606,0.750581145368645,0.0,0.0,0.0,0.0,1.0,0.0,0.0,0.0,0.0,0.0
0.11387054959023546,0.14362317125447044,0.6661818546467385,0.3679179008298056,0.08706896695100974,0.35574114226895037,0.41195059500049114,0.35290442458721893,0.29399052807190407,0.42253243380672467,0.0,0.0,1.0,0.0,0.0,0.0,0.0,0.0,0.0,0.0
0.37441034984885,0.2215174536070187,0.41173747528418103,0.4559997143961505,0.8057239035025648,0.5057095860010478,0.39682022216015445,0.4666229043702853,0.2618762859555527,0.43141774848102277,0.0,0.0,0.0,0.0,1.0,0.0,0.0,0.0,0.0,0.0
0.27039292908349366,0.5544821120079768,0.4408470783602356,0.8570184681150569,0.09513546270937845,0.9617145639287641,0.9006830365721631,0.7402285462273349,0.030080717587853578,0.7106091067431446,0.0,0.0,0.0,0.0,0.0,1.0,0.0,0.0,0.0,0.0
0.2918175139775461,0.7897103111793816,0.27525376182933725,0.5555880630862626,0.792313650702026,0.3846241496841256,0.2667339120623744,0.05605715756351359,0.6087655292743209,0.25702285711207995,0.0,0.0,0.0,0.0,1.0,0.0,0.0,0.0,0.0,0.0
0.2936612130475005,0.6562230609603443,0.8389177485336361,0.3141691543061861,0.49721998503919473,0.4650090954891649,0.9406302013303497,0.00844775996636593,0.4092752377901989,0.4874666686492304,0.0,0.0,0.0,0.0,0.0,0.0,1.0,0.0,0.0,0.0
0.2145973463581986,0.7606478818453201,0.7728671882764993,0.5157649832252476,0.3662283766622688,0.39993898527157423,0.172901616806319,0.7882632901201185,0.2580974876606036,0.9550042778499556,0.0,0.0,0.0,0.0,0.0,0.0,0.0,0.0,0.0,1.0
0.14819483010594237,0.6945235057882752,0.23017114580579912,0.4955186948538338,0.725801746964863,0.9934530446989945,0.08916797006808108,0.2972482453226155,0.11921667490545729,0.37164640482959743,0.0,0.0,0.0,0.0,0.0,1.0,0.0,0.0,0.0,0.0
0.5788962973167445,0.7717996095557091,0.8805528875144237,0.8269915066743495,0.4511503764471221,0.8399316510412741,0.9674127368813087,0.9707732298079772,0.4518346223119186,0.11766097073189152,0.0,0.0,0.0,0.0,0.0,0.0,0.0,1.0,0.0,0.0
0.7050856847291995,0.17556838267033537,0.13075163860362693,0.24377050659056454,0.48411634714815666,0.8264275390624226,0.09502467558790084,0.5173114854897414,0.7504506663804443,0.7361144023480173,0.0,0.0,0.0,0.0,0.0,1.0,0.0,0.0,0.0,0.0
0.36999771262848224,0.39569379095344115,0.1305105986063858,0.1543886864723809,0.4746927420748248,0.3811971396969166,0.9161972741070555,0.7679202672512905,0.4113265745326393,0.3701075506498772,0.0,0.0,0.0,0.0,0.0,0.0,1.0,0.0,0.0,0.0
0.3593079137026044,0.8019813133742036,0.6723842172048333,0.18397036726842741,0.3434971259528451,0.326986218883342,0.4617179830160423,0.7779493897129038,0.4944306547800277,0.342688441741262,0.0,1.0,0.0,0.0,0.0,0.0,0.0,0.0,0.0,0.0
0.31885974923852656,0.34373419885688217,0.6030627813996944,0.6052940543466925,0.662041993025418,0.1741441696176963,0.757598027839683,0.8616559770384541,0.3998278621719773,0.0553641003339258,0.0,0.0,0.0,0.0,0.0,0.0,0.0,1.0,0.0,0.0
0.9022857038989117,0.6574997940939267,0.26762162023759317,0.7208852791752836,0.36525602850983474,0.06641840750323547,0.7033381037086506,0.5635276229235587,0.06244681660002993,0.017934673963690306,1.0,0.0,0.0,0.0,0.0,0.0,0.0,0.0,0.0,0.0
0.3776551360868555,0.28303558950010255,0.45837015562898487,0.9494824423538735,0.05297779817698822,0.2458533506673748,0.08464041040533321,0.06738334809503843,0.6009181733574405,0.8790311828492569,0.0,0.0,0.0,1.0,0.0,0.0,0.0,0.0,0.0,0.0
0.520434204740153,0.604474892234825,0.6181249749160409,0.09429053210693616,0.3274078416289351,0.4024837955867261,0.6667355792237049,0.08310158837212522,0.29057599490482544,0.8080629270503317,0.0,0.0,0.0,0.0,0.0,0.0,0.0,0.0,0.0,1.0
0.7805593666783578,0.32169936513256014,0.3542477012823334,0.6724423817286362,0.7672359777225367,0.5984424193137736,0.2284282027582516,0.7388544090436676,0.7235088347771146,0.396853972441802,1.0,0.0,0.0,0.0,0.0,0.0,0.0,0.0,0.0,0.0
0.7627092390630499,0.7336174319831292,0.1020219128648655,0.9025779612556848,0.46962081964464963,0.2273374823524532,0.5769144147024206,0.09286690902156225,0.47028631625785366,0.21283046933049998,0.0,0.0,0.0,1.0,0.0,0.0,0.0,0.0,0.0,0.0
0.8876480963210654,0.01671506114295762,0.8293881213133842,0.9385352852299282,0.542243266668012,0.7708646212615664,0.6387865987800087,0.7026425053170918,0.21205607772543378,0.5781598568854495,0.0,0.0,0.0,1.0,0.0,0.0,0.0,0.0,0.0,0.0
0.532923720468008,0.6460614069329211,0.348943806006458,0.33164813426332873,0.9385839841732133,0.5264074652348677,0.8208970056223145,0.966189011423776,0.9238994850752001,0.8022488059059817,0.0,0.0,0.0,0.0,0.0,0.0,0.0,1.0,0.0,0.0
0.4515697279488301,0.20505206206703874,0.22035705845497822,0.26373391061654194,0.30561005687618803,0.4935675515697926,0.19418936620507343,0.703153451260029,0.26766329755001883,0.1682469602006451,0.0,0.0,0.0,0.0,0.0,0.0,0.0,1.0,0.0,0.0
0.18082498919924817,0.01371184334537845,0.8772860867924865,0.5165896547151781,0.927605554964871,0.9234542813171002,0.281102408132503,0.6871543823799825,0.7353055747103023,0.5572255314271667,0.0,0.0,0.0,0.0,1.0,0.0,0.0,0.0,0.0,0.0
0.10725850891322741,0.9331040364862095,0.0727929647240192,0.7400312290771841,0.39874715860350884,0.37512219537274427,0.0501923124643926,0.7581284540442278,0.23630786200022935,0.9892460745473041,0.0,0.0,0.0,0.0,0.0,0.0,0.0,0.0,0.0,1.0
0.8952114615756503,0.7186453766637986,0.445612063377978,0.8189405159722097,0.6741159069401876,0.7095735778921756,0.8838412012735168,0.6871557057485769,0.6424531225648437,0.29590922831258637,1.0,0.0,0.0,0.0,0.0,0.0,0.0,0.0,0.0,0.0
0.2267467633415221,0.6545543134886489,0.8058852752922636,0.7030000977457288,0.8949530877211207,0.6700754997659737,0.7874919760201067,0.02978144268436511,0.1487344610436121,0.24374319370629893,0.0,0.0,0.0,0.0,1.0,0.0,0.0,0.0,0.0,0.0
0.2008353666355328,0.07401650016399153,0.20207448865657385,0.19699083234938164,0.06993253154219903,0.2884151815389423,0.641829116692036,0.7488772199056186,0.1412972204619698,0.56092310038141,0.0,0.0,0.0,0.0,0.0,0.0,0.0,1.0,0.0,0.0
0.3656382966894174,0.5904652415270826,0.2082042276455498,0.8894645929903744,0.4355669613513322,0.31415397462022376,0.5209630868142076,0.3219239441807329,0.8647295484269256,0.40830225213207916,0.0,0.0,0.0,1.0,0.0,0.0,0.0,0.0,0.0,0.0
0.19168609606809983,0.4951851656495916,0.15072848515205173,0.9890403452799242,0.04570308037496451,0.7676375570159601,0.2513000363308966,0.4167380238547539,0.6967617231542974,0.15953495290817166,0.0,0.0,0.0,1.0,0.0,0.0,0.0,0.0,0.0,0.0
0.5985277373727969,0.46089032039340116,0.8925377559148879,0.6330513443141838,0.056667969475672875,0.38866378127179435,0.10619935312610407,0.6972312451189564,0.6080972467702501,0.8689426173262963,0.0,0.0,1.0,0.0,0.0,0.0,0.0,0.0,0.0,0.0
0.6064271612172296,0.2994253333816864,0.12913511729982785,0.31013815995869154,0.3380378276858381,0.4155151163050518,0.26568130052763295,0.2589296379501783,0.06686029086385337,0.4185225033630646,1.0,0.0,0.0,0.0,0.0,0.0,0.0,0.0,0.0,0.0
0.6039979482804579,0.919703650231907,0.8888005764415109,0.22205630304726787,0.2997420772324554,0.1756479943703929,0.9824495070775222,0.6085510177470103,0.23663512166181888,0.03726383717668724,0.0,0.0,0.0,0.0,0.0,0.0,1.0,0.0,0.0,0.0
0.8737146287411232,0.6517413739272524,0.11685004585150727,0.09918796713152234,0.5282899659820557,0.05412565143413939,0.7527957951314147,0.473572006588339,0.5964630317525905,0.28604094807374625,1.0,0.0,0.0,0.0,0.0,0.0,0.0,0.0,0.0,0.0
0.5633510360595556,0.033786272529655825,0.6048060074339814,0.4105908396566025,0.7850496865597794,0.527923858554996,0.9848739532704374,0.5768872386309665,0.7927955658059394,0.773241613859436,0.0,0.0,0.0,0.0,0.0,0.0,1.0,0.0,0.0,0.0
0.9277802015285592,0.052534191130950814,0.39281069865467033,0.9269003564346273,0.23935907592054262,0.11633454280531108,0.5016844720199151,0.6908370206927841,0.12056279647860801,0.09543399331973057,1.0,0.0,0.0,0.0,0.0,0.0,0.0,0.0,0.0,0.0
0.2128381808428702,0.7214366046393758,0.15807707575502083,0.28203042250027366,0.242375799277333,0.16422150473263253,0.7736112543732196,0.7016996431069993,0.8340445097251076,0.8296274163252828,0.0,0.0,0.0,0.0,0.0,0.0,0.0,0.0,1.0,0.0
0.9571012433035687,0.5138690584559563,0.024763017177706903,0.8448572157409907,0.06436316486497717,0.6996119640640146,0.25566398896106757,0.711740959888891,0.5712944363813357,0.2659261085854303,1.0,0.0,0.0,0.0,0.0,0.0,0.0,0.0,0.0,0.0
0.021128486421784665,0.8755940176081075,0.8463613038229157,0.9027143461611191,0.8508120343735229,0.8787053910737141,0.7136509801610956,0.506307905532903,0.4016030833845514,0.45926947111577354,0.0,0.0,0.0,1.0,0.0,0.0,0.0,0.0,0.0,0.0
0.08347274341950739,0.005420976785953657,0.2950019454642566,0.00981551637230782,0.38078779079142544,0.4297862182098824,0.1711111216379242,0.7273513162385891,0.2757474254144858,0.8868748476823914,0.0,0.0,0.0,0.0,0.0,0.0,0.0,0.0,0.0,1.0
0.4811398982361772,0.6244690895495892,0.1705729135797187,0.21107565931150674,0.5270759801662587,0.7794757916155933,0.889775255507486,0.15574759138750327,0.9852986160859106,0.39730701119668543,0.0,0.0,0.0,0.0,0.0,0.0,0.0,0.0,1.0,0.0
0.5631142720607313,0.4270802015587368,0.5749025569472893,0.7245435926963105,0.048560331732856565,0.35798259098505536,0.5957796574278802,0.0987711704838975,0.4994587438797007,0.5341150761248636,0.0,0.0,0.0,1.0,0.0,0.0,0.0,0.0,0.0,0.0
0.4199778604874058,0.5683537595941672,0.43566636680025517,0.952509626912799,0.981493672670618,0.1509463546718125,0.23565275566124644,0.6288448813482134,0.6637183577968365,0.2714862175013939,0.0,0.0,0.0,0.0,1.0,0.0,0.0,0.0,0.0,0.0
0.9965254127117161,0.03195488231936805,0.8073684139171851,0.17165049955079137,0.10428487286881483,0.8338241193897484,0.27194893604297676,0.33267736390129377,0.2849910596762394,0.966531157497757,1.0,0.0,0.0,0.0,0.0,0.0,0.0,0.0,0.0,0.0
0.9465900912177754,0.5873349873268068,0.790055466028693,0.8370044124579167,0.8691168953802942,0.6042534852642124,0.604068725997976,0.07263359015247939,0.4187904898318091,0.6046138886718689,1.0,0.0,0.0,0.0,0.0,0.0,0.0,0.0,0.0,0.0
0.25116674573091313,0.40340602051360863,0.6810916944068356,0.4956598288789551,0.6422331730520662,0.3757391360684569,0.7518785548274234,0.7921727925579872,0.035890563075414605,0.3117116678684725,0.0,0.0,0.0,0.0,0.0,0.0,0.0,1.0,0.0,0.0
0.6983113297471798,0.8627022569023538,0.1732169289954314,0.5642777137927232,0.3466696163765396,0.791595606600084,0.9172375949496407,0.9673903713532321,0.697879185510424,0.1852021056957951,0.0,0.0,0.0,0.0,0.0,0.0,0.0,1.0,0.0,0.0
0.2918686790057152,0.8095653603142324,0.978221224287071,0.49686024442513643,0.9706230108278664,0.7377948511107645,0.39138896856711103,0.8596399224841571,0.573522883417303,0.3263492357698372,0.0,0.0,1.0,0.0,0.0,0.0,0.0,0.0,0.0,0.0
0.5138156989035383,0.17600092574316517,0.5069964942542342,0.7197824037257875,0.5166746435632388,0.28585771931258597,0.6349047483835155,0.9226512645016566,0.06810020565579611,0.37584188636360794,0.0,0.0,0.0,0.0,0.0,0.0,0.0,1.0,0.0,0.0
0.6010640635557019,0.5030282194545681,0.693554561362512,0.3728773379178334,0.5587889568183018,0.7350699849494099,0.15105491599503307,0.1292626580628219,0.8906909888063924,0.978857328982666,0.0,0.0,0.0,0.0,0.0,0.0,0.0,0.0,0.0,1.0
0.941623910911837,0.48598106519969786,0.0994182637833394,0.7750058342950292,0.03380597933867635,0.7348313981029899,0.24909805420713083,0.029180860127636765,0.05710519474302156,0.3724600454517255,1.0,0.0,0.0,0.0,0.0,0.0,0.0,0.0,0.0,0.0
0.3222879627235119,0.2915222572168533,0.3622108012678924,0.979806890253759,0.6112178226416494,0.099742522112089,0.6600398417334599,0.6469963986983681,0.04875040311913692,0.9634347323714683,0.0,0.0,0.0,1.0,0.0,0.0,0.0,0.0,0.0,0.0
0.13459009828359791,0.7983984583695135,0.9665595783079737,0.22692691749105276,0.8881342534016449,0.8801179505421073,0.14225105264370574,0.9849443632358936,0.28725073850688454,0.9058114842823062,0.0,0.0,0.0,0.0,0.0,0.0,0.0,1.0,0.0,0.0
0.5929561688128377,0.7833255215022662,0.29729963745721943,0.247188015282229,0.871015085298756,0.5247481417552491,0.38898701519864676,0.0045394258179507485,0.02894385218161033,0.7424996670332308,0.0,0.0,0.0,0.0,1.0,0.0,0.0,0.0,0.0,0.0
0.0745526079986425,0.7717900788410252,0.6345432379004758,0.9860965204771334,0.6898968903022759,0.3576576343772613,0.08059118691458778,0.19164852248781317,0.11667530708360307,0.7390199164724854,0.0,0.0,0.0,1.0,0.0,0.0,0.0,0.0,0.0,0.0
0.07298711792265644,0.4352269434300602,0.9223834533533729,0.031387097939211794,0.42779960267774275,0.17674736668348534,0.45902377282934526,0.8397594996230063,0.332961561451361,0.20532247627645617,0.0,0.0,1.0,0.0,0.0,0.0,0.0,0.0,0.0,0.0
0.9061761432469062,0.5026905127546357,0.9401332901758228,0.8694810539304757,0.5229172889807839,0.17532466532962976,0.3614684184815363,0.613311455994244,0.04692802598697887,0.4732160690410331,0.0,0.0,1.0,0.0,0.0,0.0,0.0,0.0,0.0,0.0
0.7425990176180912,0.5558530327985387,0.9588854285780108,0.9022885500698312,0.4516409382616615,0.7605495425791333,0.8534069080938296,0.02262506539592446,0.33224317128245895,0.45920493149501984,0.0,0.0,1.0,0.0,0.0,0.0,0.0,0.0,0.0,0.0
0.5909791937812883,0.127290837125983,0.6449702237288025,0.029330336062113438,0.07820467648482543,0.20684742773589537,0.5623729079904606,0.129470921836508,0.5785919955423338,0.07624086117779139,0.0,0.0,1.0,0.0,0.0,0.0,0.0,0.0,0.0,0.0
0.8676465462353188,0.25891112630631397,0.1540659854261417,0.749978660584385,0.11800055470656434,0.7016015054264694,0.6444762050293641,0.4040067465764112,0.5826834992610104,0.2642910715895963,1.0,0.0,0.0,0.0,0.0,0.0,0.0,0.0,0.0,0.0
0.9210789640609806,0.8930236487978307,0.7134780723033122,0.4344612078896366,0.5155975046903514,0.9028055095471497,0.10947187741114994,0.527412533130075,0.6154655090425191,0.5793512177678405,1.0,0.0,0.0,0.0,0.0,0.0,0.0,0.0,0.0,0.0
0.4080331811412775,0.9339626547233202,0.14100564780681368,0.2933682745664642,0.0059929946863842565,0.8942160876130387,0.3517411023421616,0.7826615911948165,0.9065082221914808,0.014356120927450866,0.0,1.0,0.0,0.0,0.0,0.0,0.0,0.0,0.0,0.0
0.2234322781615583,0.6338816167716966,0.5072309151307622,0.26950955331624105,0.35864982804376455,0.8988451435526683,0.04959957772234591,0.8725316078554723,0.2921175696346574,0.939652487218275,0.0,0.0,0.0,0.0,0.0,0.0,0.0,0.0,0.0,1.0
0.8805335505533821,0.4554673106661351,0.9928858386337813,0.641557275864804,0.8421802232860931,0.49193107985656104,0.39419675223882444,0.33076639786716844,0.7836348549045369,0.13983502196868625,0.0,0.0,1.0,0.0,0.0,0.0,0.0,0.0,0.0,0.0
0.7699523539406697,0.7549268333026835,0.7023929648177083,0.2903995714462332,0.6478653252375572,0.26763098208294356,0.0465717556740185,0.4459584899617649,0.8543057569616469,0.4078535934720515,0.0,0.0,0.0,0.0,0.0,0.0,0.0,0.0,1.0,0.0
0.341959731063028,0.020553576316869604,0.9629068227930058,0.5913878415135296,0.5354226660945637,0.47496608910636395,0.0069452997526836535,0.7420389704416845,0.51066904605656,0.2958398144987934,0.0,0.0,1.0,0.0,0.0,0.0,0.0,0.0,0.0,0.0
0.0771698180941065,0.8070894137820743,0.8505469153427386,0.12025276238354043,0.2857211220127296,0.471883435901268,0.8129006622766838,0.22470326764161397,0.0848224341860554,0.38938445735715566,0.0,0.0,1.0,0.0,0.0,0.0,0.0,0.0,0.0,0.0
0.9056827279627452,0.5356085126188361,0.26932359724644095,0.0666927674304243,0.8162503371030863,0.8530836789141888,0.27035496787832713,0.8670993809040113,0.5100649178972939,0.5041776137911373,1.0,0.0,0.0,0.0,0.0,0.0,0.0,0.0,0.0,0.0
0.25512689464022265,0.3484115909147586,0.4959367293170136,0.8237296473419993,0.8047763647302563,0.5894148443014002,0.516891157988075,0.7594545373019097,0.70006791382436,0.20334263545905518,0.0,0.0,0.0,1.0,0.0,0.0,0.0,0.0,0.0,0.0
0.36870266354025016,0.11853938911603135,0.476714927013433,0.8031923365521176,0.2241755686265986,0.8883457844673567,0.5627456959046427,0.11979344072446274,0.2699839940883172,0.8523289465241616,0.0,0.0,0.0,0.0,0.0,1.0,0.0,0.0,0.0,0.0
0.10935275899833874,0.3182080799207406,0.7245437372727231,0.4735142736804021,0.8976653283017159,0.10841567055515511,0.558958576018793,0.91483206401635,0.6628623866081643,0.5825021906286368,0.0,0.0,0.0,0.0,0.0,0.0,0.0,1.0,0.0,0.0
0.3246900183563416,0.8756814697711882,0.7657934761181739,0.5490391181726112,0.06783649103007783,0.14282782714466224,0.030432412496242178,0.7258159289722894,0.9013409671169387,0.27738572099778924,0.0,0.0,0.0,0.0,0.0,0.0,0.0,0.0,1.0,0.0
0.10626889613974,0.21368492184072918,0.9487277116384603,0.9975548790751724,0.16563647898964085,0.22369874401634648,0.557438633342169,0.45843201311807347,0.9072839814939836,0.3279631740342731,0.0,0.0,0.0,1.0,0.0,0.0,0.0,0.0,0.0,0.0
0.9912212001284652,0.02949204587825638,0.6372868766050453,0.854249454745911,0.3346161605621054,0.46875861954412035,0.30832190110160596,0.9564682813085869,0.47771544008792377,0.9040147468288942,1.0,0.0,0.0,0.0,0.0,0.0,0.0,0.0,0.0,0.0
0.520091808994909,0.8374462197227222,0.5132392385043317,0.2873940820774329,0.729726291840454,0.23261222996946918,0.4661494682838693,0.8912976103907493,0.9201786020293056,0.9696786847544377,0.0,0.0,0.0,0.0,0.0,0.0,0.0,0.0,0.0,1.0
0.5321007851479052,0.17918565874827697,0.012799056416863186,0.05643727972502788,0.5075950483832372,0.972460194807467,0.6928315336680314,0.3263677146810742,0.2198333532137542,0.43604731094953997,0.0,0.0,0.0,0.0,0.0,1.0,0.0,0.0,0.0,0.0
0.0638966826877383,0.9656575890458935,0.6507284918175454,0.01596879504392279,0.04082142292369062,0.8035651905307933,0.04470300729292087,0.3528231786849303,0.2239968533090737,0.7538850884340565,0.0,1.0,0.0,0.0,0.0,0.0,0.0,0.0,0.0,0.0
0.32738101967228306,0.7721980245854091,0.9584741450415126,0.042481989206128445,0.6313274463340628,0.020633704864096547,0.21679675261796483,0.06410337724497639,0.15456251766225138,0.04629948098864223,0.0,0.0,1.0,0.0,0.0,0.0,0.0,0.0,0.0,0.0
0.9278335975078124,0.6415951253170866,0.42563263778832294,0.131115412311532,0.6410550694360735,0.1620025721091124,0.8602972571419384,0.3417234154534119,0.4782786287400512,0.01928059044328745,1.0,0.0,0.0,0.0,0.0,0.0,0.0,0.0,0.0,0.0
0.6295183326816007,0.7897503407610675,0.29328194769757254,0.7708983654065636,0.4626875199696454,0.5455131535679365,0.32461357514124123,0.6120937019632552,0.16239232320079,0.8331760417093914,0.0,0.0,0.0,0.0,0.0,0.0,0.0,0.0,0.0,1.0
0.16845868282281273,0.12426201286738248,0.7113038090883455,0.908593041604024,0.14363829448268906,0.9343670641984246,0.10423555986255872,0.32429384462307576,0.5347935435817649,0.7230001559255252,0.0,0.0,0.0,0.0,0.0,1.0,0.0,0.0,0.0,0.0
0.19960051586928718,0.7907523503083432,0.27756879042416116,0.6964769689220188,0.6026221179593032,0.9982343279129456,0.8510814126798416,0.8521622861768626,0.5474387399079802,0.7044412632351913,0.0,0.0,0.0,0.0,0.0,1.0,0.0,0.0,0.0,0.0
0.6445823722817847,0.2156811629658939,0.016224205996677066,0.015852921360125283,0.1422598722194235,0.07138409321115169,0.9082951751424873,0.729161638235652,0.08423318076293274,0.6323222995279426,0.0,0.0,0.0,0.0,0.0,0.0,1.0,0.0,0.0,0.0
0.4883500811902608,0.15910516825259424,0.24721847172950007,0.36624354290926653,0.6893059100728411,0.8472048926396073,0.7756673761141085,0.09964454621104313,0.5942323658622886,0.9747749547107429,0.0,0.0,0.0,0.0,0.0,0.0,0.0,0.0,0.0,1.0
0.5986802758762014,0.6316429439420701,0.803201211105702,0.5554442151028426,0.09204460819469784,0.3363621479948934,0.5259463876704686,0.28786636752788863,0.35402957574683547,0.327656512316428,0.0,0.0,1.0,0.0,0.0,0.0,0.0,0.0,0.0,0.0
0.13635980815048365,0.1625564065998466,0.27167678997183464,0.9971663810166568,0.12247778061033887,0.5694309402516139,0.4711896531557124,0.9868859375208568,0.1814769477658068,0.7934811861853123,0.0,0.0,0.0,1.0,0.0,0.0,0.0,0.0,0.0,0.0
0.3538761220843637,0.879572971251339,0.7418147877460907,0.5424070566197199,0.2471844682001324,0.7927878946870306,0.14159912094335247,0.5890212379939225,0.9737497675251272,0.794117118579079,0.0,0.0,0.0,0.0,0.0,0.0,0.0,0.0,1.0,0.0
0.9633924893855608,0.3734413067334359,0.09393275796545064,0.2820067074848699,0.04202078391467623,0.3963934575239938,0.9185891813034879,0.7897023075948941,0.0341801894961512,0.9026949909987316,1.0,0.0,0.0,0.0,0.0,0.0,0.0,0.0,0.0,0.0
0.8576657798608966,0.22191175798936946,0.1093183176632232,0.6794254750633593,0.1462755352190428,0.6828023451149242,0.24763286401778373,0.9865133527395046,0.9117768809354563,0.7934027574741468,0.0,0.0,0.0,0.0,0.0,0.0,0.0,1.0,0.0,0.0
0.5131512688212359,0.506420099340557,0.6591204453765213,0.7888408968148499,0.6788997836652535,0.33656582694704285,0.9878692484914855,0.8318604863685323,0.5865909082733872,0.9860873900877977,0.0,0.0,0.0,0.0,0.0,0.0,1.0,0.0,0.0,0.0
0.36562004927632996,0.168821488361388,0.26051282717504043,0.09882620347614546,0.986233697960943,0.08700274319648738,0.06088257973119515,0.983104782626445,0.2952774239486431,0.45423985771310316,0.0,0.0,0.0,0.0,1.0,0.0,0.0,0.0,0.0,0.0
0.33393094640342125,0.2128540117338762,0.05101020761323527,0.3950349327255017,0.23929793052650583,0.5446923158007047,0.9549570857551912,0.764087471792259,0.7041064042522356,0.4264670686536228,0.0,0.0,0.0,0.0,0.0,0.0,1.0,0.0,0.0,0.0
0.28620127330574074,0.35932385624864716,0.42402057960072204,0.27083037720749814,0.09663716421328084,0.9566013693573274,0.017896835924213983,0.7027032495259734,0.07962527000816466,0.4134627971675571,0.0,0.0,0.0,0.0,0.0,1.0,0.0,0.0,0.0,0.0
0.17891356250805934,0.4508758598725806,0.2222089876007063,0.6333062013989936,0.07052342518947274,0.4132740903328107,0.2727273731612262,0.7640481431350427,0.31431722459251255,0.600997247223602,0.0,0.0,0.0,0.0,0.0,0.0,0.0,1.0,0.0,0.0
0.15177514112519097,0.39237361814303606,0.15860551724199057,0.7060850928060308,0.7735424596266094,0.1765170922115059,0.5576973357625865,0.9020378498835264,0.4625524970655204,0.4716576587183413,0.0,0.0,0.0,0.0,0.0,0.0,0.0,1.0,0.0,0.0
0.5055757426917309,0.06253645745971315,0.12222080303505645,0.9385407681843427,0.21633841842567758,0.5722564867671435,0.0183173992352893,0.3095867345930353,0.21681689903218038,0.47402664946942896,0.0,0.0,0.0,1.0,0.0,0.0,0.0,0.0,0.0,0.0
0.5164077164709753,0.6248799808962101,0.45701459377105624,0.9912334316084015,0.12027628147870284,0.18460015528232543,0.3127499465812129,0.9655529255053233,0.48969404633471414,0.3362578417741918,0.0,0.0,0.0,1.0,0.0,0.0,0.0,0.0,0.0,0.0
0.9038925133216259,0.9180753891436152,0.024265072294266554,0.24831008925916087,0.030358811714597977,0.4598914499538409,0.1651564370827886,0.387467003949856,0.005872696671714084,0.34850732361533565,0.0,1.0,0.0,0.0,0.0,0.0,0.0,0.0,0.0,0.0
0.7093581581368696,0.356182695521698,0.5181767608245569,0.7275169398073638,0.6985683491587321,0.7195918264270572,0.45458688014648707,0.7179217120237668,0.5389029904816606,0.9991454136615117,0.0,0.0,0.0,0.0,0.0,0.0,0.0,0.0,0.0,1.0
0.004492465148924651,0.8829543928396267,0.8690973711653399,0.7019456645741657,0.9454021081003492,0.12855901794818503,0.19819783549070558,0.6677937724466281,0.655157503864311,0.66375518157352,0.0,0.0,0.0,0.0,1.0,0.0,0.0,0.0,0.0,0.0
0.16498406971518198,0.3928337782177651,0.7032973447665533,0.7082935544466115,0.7503140841693768,0.12474335681434778,0.5642535251983725,0.34631130790822806,0.1973807311867174,0.2853871525939864,0.0,0.0,0.0,0.0,1.0,0.0,0.0,0.0,0.0,0.0
0.15320339469236643,0.9965510234384591,0.9506812171295627,0.764216452885037,0.45252934140084056,0.1042581274819474,0.4672976513200747,0.5134315755667942,0.037878390202793266,0.24676379669460302,0.0,1.0,0.0,0.0,0.0,0.0,0.0,0.0,0.0,0.0
0.20434342420159413,0.7975516899654124,0.7986759663022953,0.6565878760681435,0.3164346127569784,0.3488227540594002,0.6335496243914521,0.16026072525273538,0.6909140379851517,0.5974556481405066,0.0,0.0,1.0,0.0,0.0,0.0,0.0,0.0,0.0,0.0
0.1902605384254651,0.7496032603781424,0.6498001666077046,0.34494317989709566,0.8964580977165765,0.43614061853363817,0.5356923560443412,0.6094123722377339,0.9792221134494576,0.043871494564695745,0.0,0.0,0.0,0.0,0.0,0.0,0.0,0.0,1.0,0.0
0.5330315914901286,0.7764870846866069,0.2548762731337032,0.4983747280154268,0.5097454540510806,0.22295725771291952,0.15859296510290888,0.829846268558189,0.20820130001285286,0.16702588174448996,0.0,0.0,0.0,0.0,0.0,0.0,0.0,1.0,0.0,0.0
0.7601878641735107,0.32658706099674184,0.2966761013785576,0.9610498687577315,0.47666549374545975,0.27132299074397837,0.7716759975246842,0.024697343641407077,0.3273173280644772,0.5897795884095042,0.0,0.0,0.0,1.0,0.0,0.0,0.0,0.0,0.0,0.0
0.5217900010218669,0.07956155899326955,0.8941624409032399,0.4658833354252502,0.8507860082166426,0.8795817123955968,0.18513187923479912,0.6483817758569037,0.5764735622656502,0.26031346732980143,0.0,0.0,1.0,0.0,0.0,0.0,0.0,0.0,0.0,0.0
0.24395231598143008,0.10428691375424137,0.19703197395023198,0.05451971729801053,0.5356497131423883,0.21907681516413424,0.26260974820365124,0.6084802851541188,0.3687414458189211,0.8247177337611843,0.0,0.0,0.0,0.0,0.0,0.0,0.0,0.0,0.0,1.0
0.9637183571419515,0.024012984237740898,0.49656726127982087,0.18884660992193403,0.36789317139410127,0.5363430380810663,0.47656668232105404,0.8300799379901884,0.0399721662207847,0.9829027730036551,0.0,0.0,0.0,0.0,0.0,0.0,0.0,0.0,0.0,1.0
0.246112035272543,0.07146388831770001,0.160236724430048,0.7287002636834349,0.7263674837721675,0.8543603187839326,0.0861242521351796,0.18020519085141773,0.12586663485862115,0.2376655595781657,0.0,0.0,0.0,0.0,0.0,1.0,0.0,0.0,0.0,0.0
0.37901103924776536,0.0730098036629967,0.8793683240643834,0.27193617939340686,0.4065136220684914,0.7772235292446709,0.8479492146132106,0.15686699651556013,0.5529735758282773,0.43627313374920373,0.0,0.0,1.0,0.0,0.0,0.0,0.0,0.0,0.0,0.0
0.5903884823129019,0.43377010634581936,0.8504324363746886,0.12633629911268185,0.7907442930110579,0.09245294420597228,0.13725164716828686,0.2256655207632965,0.8028728512441542,0.20644916710161132,0.0,0.0,1.0,0.0,0.0,0.0,0.0,0.0,0.0,0.0
0.9957409517570355,0.41878162372800654,0.37534927615634184,0.21917438699303615,0.11275081402459475,0.7735443264860136,0.9076729640424875,0.9987807198940656,0.049489408045248706,0.5207365213188353,0.0,0.0,0.0,0.0,0.0,0.0,0.0,1.0,0.0,0.0
0.33963391691344413,0.56848247249763,0.6648844063820039,0.69290891930765,0.16225794668297655,0.3496006145984345,0.6841316233511675,0.9233423109621726,0.4641367755090805,0.5851232121992598,0.0,0.0,0.0,0.0,0.0,0.0,0.0,1.0,0.0,0.0
0.9868558066341108,0.33379387093038193,0.8638541050177978,0.5398070755312776,0.19953483881888268,0.4279742890105753,0.10778963494232963,0.719110996763961,0.610077779534202,0.14412179839461836,1.0,0.0,0.0,0.0,0.0,0.0,0.0,0.0,0.0,0.0
0.2938175223278513,0.9863104498582237,0.49920240267233684,0.6617073253224762,0.35674520361339,0.22881165932699543,0.9365767502394028,0.4224694396986223,0.7760897830733775,0.9998653590077176,0.0,0.0,0.0,0.0,0.0,0.0,0.0,0.0,0.0,1.0
0.33256858678086443,0.5299125369993883,0.21690385512181665,0.2941101170400151,0.27525396004707503,0.5373749071447037,0.19862990010834547,0.035421550609435415,0.359055848607749,0.23224173951531835,0.0,0.0,0.0,0.0,0.0,1.0,0.0,0.0,0.0,0.0
0.7543717986920676,0.5128581476605198,0.7786944144664081,0.7321322705803939,0.16278874760048834,0.15024275010861665,0.1940187135305056,0.5214448783504898,0.1288969336749296,0.7434744222621263,0.0,0.0,1.0,0.0,0.0,0.0,0.0,0.0,0.0,0.0
0.9376860642867217,0.24838414205904602,0.8907925212897488,0.28850844825051725,0.4113353949580778,0.6429113475435326,0.29428215932333357,0.6253532653921101,0.8953685769242433,0.3703413168798986,1.0,0.0,0.0,0.0,0.0,0.0,0.0,0.0,0.0,0.0
0.28146304175962655,0.5848360808139332,0.6053922753722407,0.18104586943666434,0.9984091468215689,0.19573899176479315,0.7086344793815652,0.6960729175510659,0.09769837480973553,0.985010278471939,0.0,0.0,0.0,0.0,1.0,0.0,0.0,0.0,0.0,0.0
0.7454420167263658,0.09500018806149024,0.5714815341484146,0.025740332096471086,0.35725937618258696,0.9007304281312857,0.7431488008528138,0.051011881667987535,0.8117808198868474,0.9508333673378447,0.0,0.0,0.0,0.0,0.0,0.0,0.0,0.0,0.0,1.0
0.6818134391668415,0.6341975525729022,0.2287658991088377,0.5070950783456298,0.31837276460561614,0.6540745686632617,0.7474417761478083,0.19053538654973634,0.5682269545259302,0.02827614980787574,0.0,0.0,0.0,0.0,0.0,0.0,1.0,0.0,0.0,0.0
0.5565773126305995,0.24900888437144986,0.40046475190108866,0.10832890749374391,0.15122832002983178,0.14162104439886802,0.9963564057913157,0.04481358341841779,0.7184707875705313,0.7178438413636506,0.0,0.0,0.0,0.0,0.0,0.0,1.0,0.0,0.0,0.0
0.24954204467165142,0.13211397828444726,0.4632300425315815,0.34810181733839907,0.5546366197059128,0.40568047796598394,0.6366708124842261,0.4780647455300524,0.9383731034562222,0.39884730837775484,0.0,0.0,0.0,0.0,0.0,0.0,0.0,0.0,1.0,0.0
0.010447441058019202,0.516745193719061,0.1673665103017853,0.29754475081967957,0.9724544765866746,0.8190683763761828,0.4253123411897832,0.9109182122310513,0.16485988134959162,0.6659800720418155,0.0,0.0,0.0,0.0,1.0,0.0,0.0,0.0,0.0,0.0
0.5946646502647673,0.05840102200858133,0.27365350936130184,0.8918445360680893,0.7859959894701846,0.2746543457869408,0.31975042757201344,0.05332914469098715,0.43288884003430683,0.07102538672882097,0.0,0.0,0.0,1.0,0.0,0.0,0.0,0.0,0.0,0.0
0.09485075207091953,0.9323013404735927,0.589089913325714,0.07459577636288928,0.2743871587028167,0.6057591632167262,0.4395836360593236,0.07225495379668079,0.9946150536608261,0.3232158283681096,0.0,0.0,0.0,0.0,0.0,0.0,0.0,0.0,1.0,0.0
0.44626137383321296,0.007768904719993253,0.5877424056077845,0.14456375992072634,0.3939251563075322,0.2776742811284062,0.649342616832807,0.8969670318518294,0.3234162489714434,0.35876657390207134,0.0,0.0,0.0,0.0,0.0,0.0,0.0,1.0,0.0,0.0
0.7877505179457919,0.5368211821284588,0.9089252025557758,0.09753393234087959,0.30712985770156465,0.8864277646198255,0.5930250979637391,0.6258561698714267,0.04920048826674783,0.5635720071855118,0.0,0.0,1.0,0.0,0.0,0.0,0.0,0.0,0.0,0.0
0.3492885463256572,0.6842671435994955,0.995769449706571,0.8036469219815154,0.21715642586555484,0.9249463001140523,0.8848830676630954,0.7289844824339279,0.40847263935040234,0.610060040887186,0.0,0.0,1.0,0.0,0.0,0.0,0.0,0.0,0.0,0.0
0.6978550473414421,0.3372581812849006,0.013878166939880199,0.8943157862475971,0.8023143031303214,0.4330393970849947,0.7494137610408708,0.8706718743663149,0.7997623839099103,0.2357287344985387,0.0,0.0,0.0,1.0,0.0,0.0,0.0,0.0,0.0,0.0
0.11426132097767894,0.26586306218797917,0.6078304473354647,0.8615605405506338,0.15097918752618,0.6556664468411677,0.3941380778053134,0.2897953876078715,0.5430517071149652,0.2920810270584755,0.0,0.0,0.0,1.0,0.0,0.0,0.0,0.0,0.0,0.0
0.6217908071970608,0.9296767784742973,0.04518831793407485,0.11764174142907113,0.4460596793180578,0.39861926081427346,0.06572329398021892,0.143945303126366,0.042683020383683434,0.6035184903436343,0.0,1.0,0.0,0.0,0.0,0.0,0.0,0.0,0.0,0.0
0.4925732688112665,0.767569604653008,0.2088869119919008,0.23325633115269506,0.4390223568044318,0.6227365627069691,0.1283940401334126,0.030429149751868723,0.708640060913479,0.28749163406790046,0.0,1.0,0.0,0.0,0.0,0.0,0.0,0.0,0.0,0.0
0.2700964642861833,0.24105205528074924,0.06246707089628489,0.6904770372145188,0.3695630573969052,0.20615152842926687,0.1857938533961957,0.22493129009431168,0.5715619960333574,0.5376107528927522,0.0,0.0,0.0,1.0,0.0,0.0,0.0,0.0,0.0,0.0
0.9012799923189894,0.8076509291258234,0.6698541718295957,0.16607798339438673,0.8854925303592837,0.29032603388706824,0.7041622451081255,0.12083358241524023,0.324952776300214,0.9683804940428513,0.0,0.0,0.0,0.0,0.0,0.0,0.0,0.0,0.0,1.0
0.7034019465341353,0.9679631225882306,0.5498952540579497,0.7802567255508944,0.3594619648443921,0.38082515542644013,0.9487840912604311,0.1437325538984383,0.14183883513288842,0.7760839330195765,0.0,1.0,0.0,0.0,0.0,0.0,0.0,0.0,0.0,0.0
0.6675616748812063,0.17573577701750365,0.09145472545315958,0.9296732660960321,0.31326421821423867,0.24955005007519437,0.39609199596570566,0.9049358600350946,0.9316802802607959,0.34998678547297624,0.0,0.0,0.0,0.0,0.0,0.0,0.0,0.0,1.0,0.0
0.157859185171342,0.05821377496928237,0.005264616032497504,0.4191580329336553,0.29866276574679007,0.37308074636128485,0.7469642089597377,0.46301088064348284,0.24541465943941887,0.740620034714428,0.0,0.0,0.0,0.0,0.0,0.0,1.0,0.0,0.0,0.0
0.46888288197493355,0.9566502365760788,0.016158687170330643,0.7166076007058456,0.6494250473441647,0.41627078951597096,0.8132104166244324,0.2609649714805521,0.7274278304460735,0.4449667859509009,0.0,1.0,0.0,0.0,0.0,0.0,0.0,0.0,0.0,0.0
0.9490972574910732,0.5078768284161503,0.9641367037849565,0.33637392581015824,0.6840185756352266,0.7259108089508498,0.15789182560935744,0.6090537356703318,0.3972336145466909,0.9065849487822827,0.0,0.0,1.0,0.0,0.0,0.0,0.0,0.0,0.0,0.0
0.6581546203331237,0.0339741037067558,0.5571965410171209,0.4118043697447422,0.9830052637811523,0.12693734840715853,0.020303020710211395,0.03852466337839777,0.8925243712327287,0.06469168727013008,0.0,0.0,0.0,0.0,1.0,0.0,0.0,0.0,0.0,0.0
0.08258462152513091,0.02955840258562814,0.2709268411184398,0.31330312414591266,0.5514438054172153,0.1611067689868234,0.5127185874183071,0.28391257187560126,0.7828443631066273,0.3942405862148428,0.0,0.0,0.0,0.0,0.0,0.0,0.0,0.0,1.0,0.0
0.2989775501990082,0.5747699822948277,0.11226319548825947,0.08282552817927846,0.4732198631482447,0.18009650041122738,0.6995891950716779,0.6124197978587956,0.11453952216131125,0.6107828679042785,0.0,0.0,0.0,0.0,0.0,0.0,1.0,0.0,0.0,0.0
0.42352346563826104,0.9586937185842557,0.9945706860107316,0.6483968368370292,0.09578389842245394,0.17150708501716372,0.9836200080061863,0.9234025683855602,0.6325410955191242,0.44625898136440567,0.0,0.0,1.0,0.0,0.0,0.0,0.0,0.0,0.0,0.0
0.7127120319839987,0.8517573773585763,0.1418527763301055,0.8425605731583359,0.8299271245130732,0.10470027023039608,0.9856773726907994,0.6393863109129732,0.6482507621491929,0.6370316772079936,0.0,0.0,0.0,0.0,0.0,0.0,1.0,0.0,0.0,0.0
0.9355209341697421,0.33417051571621803,0.9983276479884723,0.5352876665101297,0.23136770231835602,0.6677066782005915,0.9064500010070599,0.5511032742548133,0.10545572743007248,0.8505236634717797,0.0,0.0,1.0,0.0,0.0,0.0,0.0,0.0,0.0,0.0
0.9709388496022888,0.7067631929350785,0.9541237133838665,0.44689241651381306,0.8014859569186464,0.5782167160669432,0.22532381287743874,0.1529960020320693,0.0620042266786911,0.952453212101239,1.0,0.0,0.0,0.0,0.0,0.0,0.0,0.0,0.0,0.0
0.22222099063095369,0.5508733956677259,0.9862995634435402,0.21671773977338815,0.633466977122018,0.18119655221146325,0.4028913179030026,0.9223106649107875,0.550430588345429,0.33691075106384283,0.0,0.0,1.0,0.0,0.0,0.0,0.0,0.0,0.0,0.0
0.6253053948193286,0.48368464325812477,0.6731302424801845,0.1773556062092373,0.8168908997349887,0.7869857745030764,0.3998061114338841,0.21328146793966307,0.79038736549972,0.020222873959051646,0.0,0.0,0.0,0.0,1.0,0.0,0.0,0.0,0.0,0.0
0.6864235996687199,0.7275454142629406,0.7849710085781089,0.24025910162209707,0.9890782903750659,0.6732340102175669,0.43235059300015544,0.8675931768481063,0.9038699943243055,0.2204721991639781,0.0,0.0,0.0,0.0,1.0,0.0,0.0,0.0,0.0,0.0
0.8731239522862593,0.8917870247271286,0.6713628482197853,0.09878432246025493,0.3121275544702594,0.8051843526828248,0.3882045796807576,0.8709609093700221,0.8682357594299168,0.4798808265142872,0.0,1.0,0.0,0.0,0.0,0.0,0.0,0.0,0.0,0.0
0.5932806848980987,0.11936944769154711,0.8474321752269239,0.12140283806320917,0.6357311722185197,0.3095628236974215,0.5838372480415134,0.6017736116164712,0.3309121829148439,0.1659673677355663,0.0,0.0,1.0,0.0,0.0,0.0,0.0,0.0,0.0,0.0
0.5122912568463532,0.9572925950840994,0.5691010072223246,0.4512812647396717,0.08715601528083938,0.6692410800255282,0.06637769734953003,0.06939728257482047,0.5093433066804932,0.03574679983562323,0.0,1.0,0.0,0.0,0.0,0.0,0.0,0.0,0.0,0.0
0.6212297989936788,0.09531530923332132,0.8617208542992577,0.04714909552881885,0.7609415513120584,0.2997040288071904,0.610465147686271,0.1546566656106716,0.6709695820272163,0.42702566603875547,0.0,0.0,1.0,0.0,0.0,0.0,0.0,0.0,0.0,0.0
0.0996488768601117,0.5852326628657946,0.5174894132364743,0.13284881796683767,0.43242644348080006,0.9128538822832796,0.09251529380592527,0.05691864277148728,0.9301323931042043,0.4341092345735067,0.0,0.0,0.0,0.0,0.0,0.0,0.0,0.0,1.0,0.0
0.8002428558803891,0.8227757054050429,0.9782276090807073,0.878627624952493,0.5086574648669783,0.8867030519209952,0.8905795251011895,0.9532062835059129,0.19284839173231128,0.6092131731447148,0.0,0.0,1.0,0.0,0.0,0.0,0.0,0.0,0.0,0.0
0.49726196373861353,0.9267728814341734,0.04691566630450561,0.28261872850097125,0.9949325666765267,0.38550415233785795,0.033102235742061614,0.5428494993306001,0.7290715561400156,0.731229702929516,0.0,0.0,0.0,0.0,1.0,0.0,0.0,0.0,0.0,0.0
0.046139883811252225,0.26744533093093836,0.14785327674311988,0.3956314000332968,0.7538119933223628,0.8996128659560707,0.7936097033660232,0.5155935947729673,0.32943304250827243,0.30517599008277096,0.0,0.0,0.0,0.0,0.0,1.0,0.0,0.0,0.0,0.0
0.8911386804464339,0.35931813149028935,0.8590973897235686,0.2345652534855962,0.073532856735677,0.39554401540148376,0.35060969875603176,0.2458274302255511,0.6764823238477425,0.7640308065297119,1.0,0.0,0.0,0.0,0.0,0.0,0.0,0.0,0.0,0.0
0.9904612283422884,0.16073220009011002,0.44714728774748713,0.522242237776187,0.42616535593790494,0.0023833607856270644,0.3725871645423655,0.7164918463256691,0.2323774210593086,0.1953848383454616,1.0,0.0,0.0,0.0,0.0,0.0,0.0,0.0,0.0,0.0
0.4158524790471789,0.9015576850644474,0.9596081793429067,0.431139427497347,0.20738434090340563,0.8544403522136849,0.9805436437700769,0.44534840938938025,0.7285358941694959,0.05577449032495141,0.0,0.0,0.0,0.0,0.0,0.0,1.0,0.0,0.0,0.0
0.7449098543942363,0.57415253274309,0.32464387468719313,0.6273313237318894,0.2374255525167398,0.9283974843008842,0.5415198836231998,0.6231564260129517,0.8557343372432092,0.11038160576227574,0.0,0.0,0.0,0.0,0.0,1.0,0.0,0.0,0.0,0.0
0.7365080725168845,0.6061360053758911,0.6786583767587613,0.37342567992489306,0.1760327671713302,0.20521736778781197,0.7197017228249161,0.39108746838591135,0.8181014935149389,0.9129338769827013,0.0,0.0,0.0,0.0,0.0,0.0,0.0,0.0,0.0,1.0
0.3324828984521059,0.6744099851436645,0.0026250709068281752,0.6353762410658266,0.7191158848183906,0.09580343262106661,0.9215059591467698,0.7023746268102861,0.6704461594352025,0.56239728773657,0.0,0.0,0.0,0.0,0.0,0.0,1.0,0.0,0.0,0.0
0.7760993305513219,0.04579447681343918,0.36939994287250977,0.5739925397390642,0.43492666307726047,0.0442974573094842,0.7725389907385211,0.14169455254203633,0.5229355749929454,0.5211324160305901,1.0,0.0,0.0,0.0,0.0,0.0,0.0,0.0,0.0,0.0
0.07452407864237698,0.4619476546549124,0.0011955394382058282,0.7892667890473214,0.7522910660235429,0.5031203716494368,0.6991768570545638,0.8837252059960271,0.9284591953986059,0.9504670408977061,0.0,0.0,0.0,0.0,0.0,0.0,0.0,0.0,0.0,1.0
0.23061846078889137,0.029333687591776014,0.8696231517796718,0.6369891187282959,0.24909799861895965,0.6426251169697317,0.5969421704303256,0.2977069465890826,0.6932502484755123,0.3255930439130069,0.0,0.0,1.0,0.0,0.0,0.0,0.0,0.0,0.0,0.0
0.4698869719311246,0.28566588983426966,0.9545727473102796,0.885270542865938,0.42610093351683453,0.4935929752556577,0.13253987650886867,0.5320795511907508,0.08970180497771185,0.9269572203992136,0.0,0.0,1.0,0.0,0.0,0.0,0.0,0.0,0.0,0.0
0.8733529773433217,0.7545695262793226,0.15603395911300932,0.44553394909897026,0.7700678743388737,0.5130880682413721,0.1083496431960228,0.9647096166422349,0.9656706062053064,0.7077436686530497,0.0,0.0,0.0,0.0,0.0,0.0,0.0,0.0,1.0,0.0
0.4372842730588069,0.711366263854912,0.35188462597471637,0.26872019580273876,0.8695324085849874,0.2921919739411565,0.33109673882213764,0.4732241400959505,0.6327008383888941,0.5577308864925189,0.0,0.0,0.0,0.0,1.0,0.0,0.0,0.0,0.0,0.0
0.6542013087208174,0.47604339127437,0.3922966011231489,0.7787634904042434,0.3454764246624029,0.2784522797078425,0.6553186331970114,0.30935968664762226,0.6939695482629282,0.6416518894170821,0.0,0.0,0.0,1.0,0.0,0.0,0.0,0.0,0.0,0.0
0.146682779179093,0.696798865689774,0.6105323614567606,0.18694028343146385,0.5896421385354751,0.5653496950745136,0.775524201900337,0.25672279772401163,0.7231579313041525,0.5486458154037287,0.0,0.0,0.0,0.0,0.0,0.0,1.0,0.0,0.0,0.0
0.7401534897256001,0.6260798856100379,0.6550971470789363,0.17334734669026064,0.8925461282062501,0.3922272404053391,0.9810529745845445,0.44070418691924385,0.952229576398539,0.7818375804320367,0.0,0.0,0.0,0.0,0.0,0.0,1.0,0.0,0.0,0.0
0.7682230180153743,0.15974466177793978,0.3503994404371523,0.7621942031810669,0.8368739244037365,0.8380090315765173,0.9694095892602517,0.7124386050619456,0.45257813393320434,0.38312031972215255,0.0,0.0,0.0,0.0,0.0,0.0,1.0,0.0,0.0,0.0
0.29884451457305816,0.36974924244445495,0.05108132059370363,0.25581232456849345,0.8521929597379192,0.7917846588212505,0.4746605006234099,0.10161979634583485,0.8458055286372563,0.025053354372303493,0.0,0.0,0.0,0.0,1.0,0.0,0.0,0.0,0.0,0.0
0.24238072562416124,0.33443448521923724,0.25402349250808587,0.8296617226719929,0.3000523003268256,0.36216792189389035,0.8431345389625159,0.27791828857044454,0.23527731275706842,0.36158907734354473,0.0,0.0,0.0,0.0,0.0,0.0,1.0,0.0,0.0,0.0
0.34724826822965027,0.6166546728393991,0.7442401075907756,0.043547611206320336,0.523662996764926,0.08744405869030858,0.7993479903349657,0.8023809330935485,0.09300429606802796,0.6072941907076128,0.0,0.0,0.0,0.0,0.0,0.0,0.0,1.0,0.0,0.0
0.9249521682725831,0.10884870854433903,0.6216052500402203,0.35974658780761537,0.20040040219483424,0.7597105487680339,0.623177428349997,0.8755634294272607,0.07920083671277056,0.03799010420103188,1.0,0.0,0.0,0.0,0.0,0.0,0.0,0.0,0.0,0.0
0.9591634087151926,0.024670870368805553,0.5515767964803687,0.05439484429733121,0.23864519148710994,0.34641076689189265,0.14190447899836356,0.4615841762901537,0.7409929520497075,0.03787841481732124,1.0,0.0,0.0,0.0,0.0,0.0,0.0,0.0,0.0,0.0
0.5093547073100593,0.04007841450401106,0.9478000943082567,0.33817117141404807,0.45439303997490166,0.5584836527778525,0.691527905411619,0.06263505822538185,0.44679484528220237,0.007587323524582024,0.0,0.0,1.0,0.0,0.0,0.0,0.0,0.0,0.0,0.0
0.0296913778177349,0.13204245944894344,0.5178062922652129,0.46129616915857297,0.2306125544889367,0.38607882925172177,0.06644836327710846,0.012203212458750556,0.13756086943022394,0.17262554529048557,0.0,0.0,1.0,0.0,0.0,0.0,0.0,0.0,0.0,0.0
0.03447061641374105,0.16178760951200033,0.7291349844023977,0.57299669755878,0.4388765732622323,0.4062641897474262,0.5373377345235226,0.8086981102446351,0.6595084872769615,0.4353378400067164,0.0,0.0,0.0,0.0,0.0,0.0,0.0,1.0,0.0,0.0
0.4846004404226216,0.08715611456760097,0.9974361277870721,0.6604827748486104,0.6493866435984345,0.3668608788574381,0.38135178758338806,0.2027129795669559,0.25958319321311163,0.4646768615252024,0.0,0.0,1.0,0.0,0.0,0.0,0.0,0.0,0.0,0.0
0.7689152281781441,0.39136482915474646,0.5559749356835945,0.28020829994749186,0.042558581557818886,0.8877055164351149,0.11141826699837143,0.20199039158568444,0.8103588006523991,0.9768899291688768,0.0,0.0,0.0,0.0,0.0,0.0,0.0,0.0,0.0,1.0
0.24529048393800046,0.11264082022963684,0.6237952123498841,0.09907651558625608,0.0014689674488125304,0.42349017168604886,0.3502804579356571,0.10215082245849505,0.8549663838090864,0.24382139310044293,0.0,0.0,0.0,0.0,0.0,0.0,0.0,0.0,1.0,0.0
0.9388613849688917,0.5891656268535922,0.798360892903071,0.7405123454253921,0.646483221470674,0.11090184992939434,0.41354528607162677,0.5934411606894961,0.9893264474456797,0.48493710520831046,0.0,0.0,0.0,0.0,0.0,0.0,0.0,0.0,1.0,0.0
0.4682025720545149,0.601626187005632,0.9725390887171984,0.6862099391622053,0.2666848887042681,0.09725106512269965,0.4800155692346627,0.6770621006742031,0.06555699136727344,0.32619840696378277,0.0,0.0,1.0,0.0,0.0,0.0,0.0,0.0,0.0,0.0
0.9294060100753777,0.1031824776514012,0.8428847854226249,0.945996887758417,0.3522582815283374,0.6110103090027446,0.08060316382991406,0.07016821286263553,0.6294953041064227,0.8565767448355005,0.0,0.0,0.0,1.0,0.0,0.0,0.0,0.0,0.0,0.0
0.622194923475038,0.09182447823125484,0.8258269009187964,0.8103464282119047,0.3129604367389247,0.0651884964419549,0.5172856289026442,0.2608000493699889,0.4070871062147994,0.40018804080361003,0.0,0.0,1.0,0.0,0.0,0.0,0.0,0.0,0.0,0.0
0.5783283709532808,0.3820838461103737,0.5191088224165878,0.6968224944770893,0.8113889759258546,0.022604151188231225,0.401334876180251,0.4948010286674137,0.44012870162715356,0.6783931278313685,0.0,0.0,0.0,0.0,1.0,0.0,0.0,0.0,0.0,0.0
0.5707480127397557,0.5298313837820151,0.9691647625776715,0.6421884363165653,0.3837570379706752,0.549182363572191,0.7094036962544678,0.9264358465500275,0.6879077630259475,0.8035980509331002,0.0,0.0,1.0,0.0,0.0,0.0,0.0,0.0,0.0,0.0
0.44857023209349534,0.5184677499593487,0.18789869728761288,0.19720839305393822,0.5814524752727218,0.18222025957909194,0.9918634365772313,0.7697548727867204,0.34501800361420376,0.6680845113191562,0.0,0.0,0.0,0.0,0.0,0.0,1.0,0.0,0.0,0.0
0.8205282762716706,0.45325155674744444,0.9228419625081377,0.22102894521584637,0.44764489140229735,0.14633836385603072,0.30240014572320406,0.7829640363850547,0.7437768533515392,0.5765941632961467,0.0,0.0,1.0,0.0,0.0,0.0,0.0,0.0,0.0,0.0
0.9041447050002129,0.791768268235464,0.8078786158537543,0.876680139857964,0.4942113681425475,0.42265829365121177,0.6238441419049696,0.005651900979658175,0.702145379125892,0.5024354882353537,1.0,0.0,0.0,0.0,0.0,0.0,0.0,0.0,0.0,0.0
0.1607159853251735,0.35323332483074665,0.19137388080902573,0.48803262657338786,0.25436893391706206,0.44630335150619116,0.17976004136163304,0.05723419804167129,0.8775844886933923,0.2210587389179255,0.0,0.0,0.0,0.0,0.0,0.0,0.0,0.0,1.0,0.0
0.21666163293564733,0.7544502650292905,0.9552175947636263,0.6769841505860751,0.9242234188831665,0.7444337682927618,0.11418122558921617,0.3637553497731134,0.8739696961511518,0.23201520599950187,0.0,0.0,1.0,0.0,0.0,0.0,0.0,0.0,0.0,0.0
0.7022581385068416,0.31292856758547316,0.8361192670637483,0.7459705171363215,0.7288273302225774,0.21014562351159383,0.7933893046321971,0.9610571377910533,0.2990587945263272,0.6749910579440773,0.0,0.0,0.0,0.0,0.0,0.0,0.0,1.0,0.0,0.0
0.47385113944367796,0.17386952145784762,0.9356166763732369,0.3617992124647975,0.9739604114586139,0.8264584415048014,0.6905555568444568,0.38319923296109926,0.8064035170313029,0.35158208186313356,0.0,0.0,0.0,0.0,1.0,0.0,0.0,0.0,0.0,0.0
0.4961950189443758,0.6232487997259107,0.48721443241858076,0.950243543244056,0.1607881454194695,0.6407911144967737,0.9051697130598539,0.6433936292773352,0.8368285518256965,0.7017070140332546,0.0,0.0,0.0,1.0,0.0,0.0,0.0,0.0,0.0,0.0
0.920324562981682,0.5578099522236352,0.7506018568648699,0.17818796354217414,0.23217285677922994,0.5069202092310178,0.6007897822440434,0.9012098385289913,0.8781045918735056,0.09350141554804092,1.0,0.0,0.0,0.0,0.0,0.0,0.0,0.0,0.0,0.0
0.8910412806402482,0.3023779620167092,0.5574102692864489,0.6088204487516393,0.5489179883921881,0.17604362402910545,0.8352993025204054,0.11685793694329394,0.37766563185613433,0.7730998171420774,1.0,0.0,0.0,0.0,0.0,0.0,0.0,0.0,0.0,0.0
0.6272736696927395,0.5563280888142021,0.9999669116448406,0.4631197306218937,0.06511977997189622,0.5563830797058951,0.7008467212827592,0.4501234499997421,0.12713735674125792,0.7954670252786199,0.0,0.0,1.0,0.0,0.0,0.0,0.0,0.0,0.0,0.0
0.7088344741798407,0.6815480245244827,0.12742403631730903,0.7316866982235444,0.7652833080577562,0.08546729175185164,0.12238545985576665,0.36715445843745964,0.4884479455858082,0.8489538868524815,0.0,0.0,0.0,0.0,0.0,0.0,0.0,0.0,0.0,1.0
0.46465974720873526,0.0940006572965496,0.35122532508301363,0.8593477728063007,0.7965552102417098,0.32749910002820337,0.578653798348096,0.5085317771262864,0.08315223266978977,0.6699443941306633,0.0,0.0,0.0,1.0,0.0,0.0,0.0,0.0,0.0,0.0
0.24056409190760963,0.40273495700409845,0.2416854594997767,0.8600502848302666,0.008211586040242635,0.43193027484940383,0.2507060222520442,0.6819509548395285,0.5410313815791647,0.9219969326857578,0.0,0.0,0.0,0.0,0.0,0.0,0.0,0.0,0.0,1.0
0.40445694771548746,0.48348009523977653,0.5180238849934391,0.6672355757143653,0.9997023275141077,0.014848660797594948,0.07138208379268751,0.38653339123704633,0.3679475939952983,0.5178596952797944,0.0,0.0,0.0,0.0,1.0,0.0,0.0,0.0,0.0,0.0
0.3942625393304018,0.15896010972367713,0.9931814677024456,0.8756409470818873,0.7015560799861889,0.9407347169872882,0.07429625056937939,0.14985418954843344,0.4324142761992138,0.2689233523706194,0.0,0.0,1.0,0.0,0.0,0.0,0.0,0.0,0.0,0.0
0.4042072581366787,0.6360558172834048,0.35200345464505056,0.4696420864089115,0.7203555971554302,0.6523094224716578,0.8737118624169957,0.22447113110362504,0.4659899830765941,0.5270573385133988,0.0,0.0,0.0,0.0,0.0,0.0,1.0,0.0,0.0,0.0
0.8775477050952182,0.46335643148828687,0.23980263897068244,0.8078023471665255,0.7428756396491428,0.24543478891385329,0.5951888052849656,0.38273279588741016,0.8512592358564853,0.051926569794713884,1.0,0.0,0.0,0.0,0.0,0.0,0.0,0.0,0.0,0.0
0.6525207560181696,0.06515900484365067,0.5477588138029761,0.06241630538278542,0.40306967081665845,0.5125638051447321,0.5097376298149451,0.15253457132766746,0.05403596650126807,0.06771975797058294,1.0,0.0,0.0,0.0,0.0,0.0,0.0,0.0,0.0,0.0
0.7533410621761777,0.09973915579229664,0.860913984072269,0.9699561721598877,0.4561499977742147,0.3982268923228335,0.5981388052273927,0.33772532159037294,0.3970481706946528,0.49136590868015195,0.0,0.0,0.0,1.0,0.0,0.0,0.0,0.0,0.0,0.0
0.2166338137110293,0.32220848737572716,0.15520320811885713,0.8249870543929022,0.8580123881245788,0.18810568924300441,0.43679489892829604,0.7751589973085372,0.167750282253192,0.9277530284668339,0.0,0.0,0.0,0.0,0.0,0.0,0.0,0.0,0.0,1.0
0.4163271142725211,0.15213187351014834,0.053372637232551035,0.9234895685541223,0.9847210687932952,0.7940324766117901,0.6942752349270584,0.11725806122914906,0.23324304195181822,0.1287883932440811,0.0,0.0,0.0,0.0,1.0,0.0,0.0,0.0,0.0,0.0
0.6039758465569974,0.10016637578202181,0.24875717182875778,0.789278968036449,0.7354675225706601,0.8142414857230738,0.7890134801292286,0.3064269552983453,0.010595321279090464,0.3225692020649935,0.0,0.0,0.0,0.0,0.0,1.0,0.0,0.0,0.0,0.0
0.19332890577514816,0.40455412655062817,0.3370864584667844,0.06767325082261177,0.905036139566571,0.9128959809422234,0.875236973044366,0.2775143499612104,0.6366839787618922,0.12701330860622917,0.0,0.0,0.0,0.0,0.0,1.0,0.0,0.0,0.0,0.0
0.08311952718302396,0.2575801580538606,0.6901956795835893,0.7079560447224353,0.7894239850181953,0.5756684143031545,0.6050001386172362,0.21071909479382922,0.0650929564538616,0.554632629619651,0.0,0.0,0.0,0.0,1.0,0.0,0.0,0.0,0.0,0.0
0.21568813425286348,0.03319587457215911,0.020354469605831538,0.914963249342663,0.8388090599314038,0.9302528512752712,0.5449038975022661,0.6408660599543475,0.20433497931853117,0.7858711812236905,0.0,0.0,0.0,0.0,0.0,1.0,0.0,0.0,0.0,0.0
